54,Harbor Commons Drive,Memphis,TN
56,Harbor Commons Drive,Memphis,TN
58,Harbor Commons Drive,Memphis,TN
58,River Mist Lane,Memphis,TN
60,Harbor Commons Drive,Memphis,TN
61,River Mist Lane,Memphis,TN
62,Harbor Commons Drive,Memphis,TN
63,River Mist Lane,Memphis,TN
63,River Mist Lane,Memphis,TN
64,Harbor Commons Drive,Memphis,TN
64,River Mist Lane,Memphis,TN
66,Harbor Commons Drive,Memphis,TN
68,Harbor Commons Drive,Memphis,TN
70,Harbor Commons Drive,Memphis,TN
72,Harbor Commons Drive,Memphis,TN
78,Harbor Commons Drive,Memphis,TN
79,Harbor Village Drive,Memphis,TN
80,Harbor Village Drive,Memphis,TN
85,Harbor Village Drive,Memphis,TN
86,Harbor Village Drive,Memphis,TN
91,Harbor Village Drive,Memphis,TN
92,Harbor Village Drive,Memphis,TN
93,Village Lane,Memphis,TN
97,Village Lane,Memphis,TN
101,Village Lane,Memphis,TN
103,Village Lane,Memphis,TN
105,Village Lane,Memphis,TN
106,Harbor Ridge Lane South,Memphis,TN
107,Harbor Ridge Lane South,Memphis,TN
108,Harbor Town Boulevard,Memphis,TN
109,Harbor Town Boulevard,Memphis,TN
111,Harbor Commons Drive,Memphis,TN
111,Harbor Ridge Lane South,Memphis,TN
112,Harbor Town Boulevard,Memphis,TN
113,Village Lane,Memphis,TN
114,Harbor Ridge Lane South,Memphis,TN
115,Harbor Commons Drive,Memphis,TN
115,Harbor Commons Drive,Memphis,TN
117,Harbor Town Boulevard,Memphis,TN
118,Harbor Commons Drive,Memphis,TN
118,Harbor Isle Circle South,Memphis,TN
118,Harbor Town Boulevard,Memphis,TN
118,Harbor Town Boulevard,Memphis,TN
119,Harbor Commons Drive,Memphis,TN
119,Harbor Ridge Lane South,Memphis,TN
120,Harbor Commons Drive,Memphis,TN
121,Harbor Town Boulevard,Memphis,TN
122,Harbor Isle Circle North,Memphis,TN
122,Harbor Isle Circle North,Memphis,TN
122,Harbor Town Boulevard,Memphis,TN
123,Harbor Isle Circle North,Memphis,TN
123,Harbor Ridge Lane South,Memphis,TN
124,Harbor Isle Circle South,Memphis,TN
125,Harbor Commons Drive,Memphis,TN
125,Harbor Commons Drive,Memphis,TN
125,Harbor Commons Drive,Memphis,TN
126,Harbor Commons Drive,Memphis,TN
126,Harbor Isle Circle North,Memphis,TN
127,Harbor Town Boulevard,Memphis,TN
128,Harbor Isle Circle South,Memphis,TN
128,Harbor Town Boulevard,Memphis,TN
128,Marina Point Lane,Memphis,TN
129,Harbor Ridge Lane South,Memphis,TN
129,Running River Place,Memphis,TN
130,Harbor Commons Drive,Memphis,TN
130,Harbor Isle Circle North,Memphis,TN
131,Harbor Isle Circle North,Memphis,TN
132,Harbor Isle Circle South,Memphis,TN
132,Marina Point Lane,Memphis,TN
132,Marina Point Lane,Memphis,TN
133,Harbor Town Boulevard,Memphis,TN
133,Running River Place,Memphis,TN
134,Harbor Isle Circle North,Memphis,TN
134,Harbor Town Boulevard,Memphis,TN
135,Harbor Ridge Lane South,Memphis,TN
136,Harbor Isle Circle South,Memphis,TN
136,Marina Point Lane,Memphis,TN
137,Harbor Point Lane,Memphis,TN
137,Running River Place,Memphis,TN
138,Harbor Isle Circle North,Memphis,TN
138,Harbor Ridge Lane North,Memphis,TN
139,Harbor Isle Circle North,Memphis,TN
139,Harbor Ridge Lane South,Memphis,TN
140,Harbor Isle Circle South,Memphis,TN
140,Marina Point Lane,Memphis,TN
141,Running River Place,Memphis,TN
142,Harbor Isle Circle North,Memphis,TN
142,Harbor Ridge Lane North,Memphis,TN
143,Harbor Isle Circle North,Memphis,TN
143,Harbor Point Lane,Memphis,TN
143,Harbor Ridge Lane South,Memphis,TN
143,Harbor Town Boulevard,Memphis,TN
144,Harbor Isle Circle South,Memphis,TN
144,Harbor Isle Circle South,Memphis,TN
144,Harbor Town Boulevard,Memphis,TN
145,Running River Place,Memphis,TN
146,Harbor Isle Circle North,Memphis,TN
146,Harbor Ridge Lane North,Memphis,TN
147,Harbor Point Lane,Memphis,TN
147,Harbor Ridge Lane South,Memphis,TN
149,Harbor Isle Circle North,Memphis,TN
149,Harbor Town Boulevard,Memphis,TN
149,Harbor Town Boulevard,Memphis,TN
149,Running River Place,Memphis,TN
150,Harbor Isle Circle South,Memphis,TN
150,Harbor Town Boulevard,Memphis,TN
151,Harbor Ridge Lane South,Memphis,TN
152,Harbor Isle Circle North,Memphis,TN
152,Harbor Ridge Lane North,Memphis,TN
153,Running River Place,Memphis,TN
154,Harbor Ridge Lane North,Memphis,TN
155,Harbor Isle Circle North,Memphis,TN
155,Harbor Village Drive,Memphis,TN
156,Harbor Isle Circle North,Memphis,TN
156,Harbor Ridge Lane North,Memphis,TN
156,Harbor Village Drive,Memphis,TN
156,Harbor Village Drive,Memphis,TN
157,River Lights Lane,Memphis,TN
157,Running River Place,Memphis,TN
158,Harbor Ridge Lane North,Memphis,TN
158,Harbor Town Boulevard,Memphis,TN
158,River Lights Lane,Memphis,TN
158,River Lights Lane,Memphis,TN
159,Harbor Village Drive,Memphis,TN
159,Running River Place,Memphis,TN
160,Harbor Village Drive,Memphis,TN
161,River Lights Lane,Memphis,TN
162,Harbor Isle Circle North,Memphis,TN
162,River Lights Lane,Memphis,TN
163,Harbor Isle Circle North,Memphis,TN
163,Harbor Village Drive,Memphis,TN
163,Running River Place,Memphis,TN
164,Harbor Village Drive,Memphis,TN
165,River Lights Lane,Memphis,TN
165,Running River Place,Memphis,TN
166,Harbor Isle Circle North,Memphis,TN
166,River Lights Lane,Memphis,TN
167,Harbor Village Drive,Memphis,TN
168,Harbor Village Drive,Memphis,TN
169,River Lights Lane,Memphis,TN
169,Running River Place,Memphis,TN
170,Harbor Isle Circle North,Memphis,TN
170,River Lights Lane,Memphis,TN
171,Harbor Village Drive,Memphis,TN
172,Harbor Village Drive,Memphis,TN
173,Running River Place,Memphis,TN
174,Harbor Isle Circle North,Memphis,TN
174,River Lights Lane,Memphis,TN
175,Harbor Village Drive,Memphis,TN
175,Harbor Village Drive,Memphis,TN
175,Harbor Village Drive,Memphis,TN
176,Harbor Village Drive,Memphis,TN
177,River Lights Lane,Memphis,TN
177,Running River Place,Memphis,TN
178,Harbor Isle Circle North,Memphis,TN
178,River Lights Lane,Memphis,TN
179,Harbor Isle Circle North,Memphis,TN
179,Harbor Isle Circle North,Memphis,TN
181,River Lights Lane,Memphis,TN
182,Harbor Isle Circle North,Memphis,TN
182,River Lights Lane,Memphis,TN
183,Harbor Isle Circle North,Memphis,TN
185,River Lights Lane,Memphis,TN
186,Harbor Isle Circle North,Memphis,TN
186,River Lights Lane,Memphis,TN
186,River Lights Lane,Memphis,TN
187,Harbor Isle Circle North,Memphis,TN
190,River Lights Lane,Memphis,TN
191,River Lights Lane,Memphis,TN
668,Marina Cottage Drive,Memphis,TN
670,Marina Cottage Drive,Memphis,TN
674,Marina Cottage Drive,Memphis,TN
676,Marina Cottage Drive,Memphis,TN
680,Marina Cottage Drive,Memphis,TN
682,Marina Cottage Drive,Memphis,TN
686,Marina Cottage Drive,Memphis,TN
688,Marina Cottage Drive,Memphis,TN
692,Marina Cottage Drive,Memphis,TN
694,Marina Cottage Drive,Memphis,TN
698,Marina Cottage Drive,Memphis,TN
698,Marina Cottage Drive,Memphis,TN
700,Marina Cottage Drive,Memphis,TN
746,Island Drive,Memphis,TN
750,Island Drive,Memphis,TN
752,Island Drive,Memphis,TN
754,Island Drive,Memphis,TN
756,Island Drive,Memphis,TN
757,Harbor Isle Circle East,Memphis,TN
758,Island Drive,Memphis,TN
760,Island Drive,Memphis,TN
761,Harbor Isle Circle East,Memphis,TN
762,Island Drive,Memphis,TN
764,Island Drive,Memphis,TN
764,Island Drive,Memphis,TN
765,Harbor Isle Circle East,Memphis,TN
766,Island Drive,Memphis,TN
769,Harbor Isle Circle East,Memphis,TN
770,Island Drive,Memphis,TN
770,River Park Drive,Memphis,TN
771,River Park Drive,Memphis,TN
773,River Park Drive,Memphis,TN
774,River Park Drive,Memphis,TN
775,Harbor Isle Circle East,Memphis,TN
775,Harbor Isle Circle East,Memphis,TN
776,River Park Drive,Memphis,TN
777,River Park Drive,Memphis,TN
778,River Park Drive,Memphis,TN
781,River Park Drive,Memphis,TN
782,River Park Drive,Memphis,TN
784,Harbor Isle Circle East,Memphis,TN
785,Harbor Isle Circle West,Memphis,TN
785,River Park Drive,Memphis,TN
786,Harbor Isle Circle West,Memphis,TN
787,Harbor Bend Road,Memphis,TN
788,Harbor Isle Circle East,Memphis,TN
789,Harbor Isle Circle East,Memphis,TN
789,Harbor Isle Circle West,Memphis,TN
789,River Park Drive,Memphis,TN
790,Harbor Crest Drive,Memphis,TN
792,Harbor Isle Circle East,Memphis,TN
792,River Park Drive,Memphis,TN
793,Harbor Bend Road,Memphis,TN
793,Harbor Isle Circle East,Memphis,TN
794,Harbor Crest Drive,Memphis,TN
794,Harbor Isle Circle West,Memphis,TN
795,Harbor Isle Circle West,Memphis,TN
795,River Park Drive,Memphis,TN
796,Harbor Isle Circle East,Memphis,TN
796,Harbor Isle Circle East,Memphis,TN
797,Harbor Isle Circle East,Memphis,TN
798,River Park Drive,Memphis,TN
799,Harbor Bend Road,Memphis,TN
799,Harbor Isle Circle West,Memphis,TN
800,Harbor Crest Drive,Memphis,TN
800,Harbor Crest Drive,Memphis,TN
800,Harbor Isle Circle East,Memphis,TN
800,Harbor Isle Circle East,Memphis,TN
802,Harbor Isle Circle West,Memphis,TN
803,Harbor Isle Circle East,Memphis,TN
804,Harbor Crest Drive,Memphis,TN
804,Harbor Crest Drive,Memphis,TN
805,Harbor Isle Circle East,Memphis,TN
805,Harbor Isle Circle West,Memphis,TN
807,Harbor Bend Road,Memphis,TN
807,Harbor Isle Circle East,Memphis,TN
808,Harbor Isle Circle West,Memphis,TN
808,River Park Drive,Memphis,TN
809,Harbor Isle Circle East,Memphis,TN
809,Harbor Isle Circle West,Memphis,TN
809,Harbor Isle Circle East,Memphis,TN
813,Harbor Bend Road,Memphis,TN
814,Harbor Crest Drive,Memphis,TN
814,River Park Drive,Memphis,TN
815,Harbor Isle Circle West,Memphis,TN
819,Harbor Bend Road,Memphis,TN
820,River Park Drive,Memphis,TN
821,Harbor Bend Road,Memphis,TN
824,River Park Drive,Memphis,TN
830,Harbor Isle Circle East,Memphis,TN
831,Harbor Isle Circle West,Memphis,TN
831,Harbor Isle Circle West,Memphis,TN
835,Harbor Isle Circle West,Memphis,TN
836,Harbor Isle Circle East,Memphis,TN
836,River Park Drive,Memphis,TN
837,Harbor Bend Road,Memphis,TN
837,Harbor Isle Circle East,Memphis,TN
837,Harbor Isle Circle East,Memphis,TN
840,Harbor Crest Drive,Memphis,TN
841,Harbor Isle Circle West,Memphis,TN
842,River Park Drive,Memphis,TN
843,Harbor Bend Road,Memphis,TN
843,Harbor Isle Circle East,Memphis,TN
844,Harbor Crest Drive,Memphis,TN
844,Harbor Isle Circle East,Memphis,TN
844,Harbor Crest Drive,Memphis,TN
845,Harbor Isle Circle West,Memphis,TN
847,Harbor Bend Road,Memphis,TN
848,Harbor Isle Circle East,Memphis,TN
848,River Park Drive,Memphis,TN
849,Harbor Isle Circle West,Memphis,TN
850,Harbor Crest Drive,Memphis,TN
853,Harbor Bend Road,Memphis,TN
854,Harbor Isle Circle East,Memphis,TN
854,River Park Drive,Memphis,TN
855,Harbor Isle Circle East,Memphis,TN
855,Harbor Isle Circle East,Memphis,TN
855,Harbor Isle Circle West,Memphis,TN
856,Harbor Crest Drive,Memphis,TN
856,Harbor Isle Circle East,Memphis,TN
857,Harbor Isle Circle East,Memphis,TN
857,Harbor View Drive,Memphis,TN
859,Harbor Bend Road,Memphis,TN
859,Harbor Isle Circle East,Memphis,TN
859,Harbor Isle Circle West,Memphis,TN
860,Harbor Crest Drive,Memphis,TN
860,Harbor Isle Circle East,Memphis,TN
860,River Park Drive,Memphis,TN
861,Harbor Isle Circle East,Memphis,TN
861,Harbor Isle Circle West,Memphis,TN
861,Harbor Isle Circle West,Memphis,TN
861,Harbor View Drive,Memphis,TN
861,Harbor View Drive,Memphis,TN
861,Harbor View Drive,Memphis,TN
862,Harbor Crest Drive,Memphis,TN
864,Harbor Crest Drive,Memphis,TN
864,Harbor Crest Drive,Memphis,TN
865,Harbor Bend Road,Memphis,TN
865,Harbor Isle Circle West,Memphis,TN
866,Harbor Crest Drive,Memphis,TN
866,Harbor Crest Drive,Memphis,TN
866,Harbor View Drive,Memphis,TN
866,Harbor View Drive,Memphis,TN
866,River Park Drive,Memphis,TN
868,Harbor Isle Circle East,Memphis,TN
868,Harbor Isle Circle West,Memphis,TN
869,Harbor Isle Circle West,Memphis,TN
869,Harbor View Drive,Memphis,TN
869,Harbor View Drive,Memphis,TN
871,Harbor Bend Road,Memphis,TN
872,River Park Drive,Memphis,TN
873,Harbor Isle Circle West,Memphis,TN
876,Harbor Isle Circle West,Memphis,TN
876,River Park Drive,Memphis,TN
877,Harbor Bend Road,Memphis,TN
877,Harbor Isle Circle West,Memphis,TN
880,Harbor Isle Circle West,Memphis,TN
881,Harbor Isle Circle West,Memphis,TN
883,Harbor Bend Road,Memphis,TN
884,River Park Drive,Memphis,TN
890,River Park Drive,Memphis,TN
895,Harbor Bend Road,Memphis,TN
896,River Park Drive,Memphis,TN
899,Harbor Bend Road,Memphis,TN
900,Harbor Bend Road,Memphis,TN
900,Harbor Bend Road,Memphis,TN
901,Harbor Bend Road,Memphis,TN
902,River Park Drive,Memphis,TN
903,Harbor View Drive,Memphis,TN
905,Harbor Bend Road,Memphis,TN
906,Harbor Bend Road,Memphis,TN
908,River Park Drive,Memphis,TN
910,Harbor Bend Road,Memphis,TN
912,Harbor View Drive,Memphis,TN
912,Harbor View Drive,Memphis,TN
913,Harbor View Drive,Memphis,TN
914,Harbor View Drive,Memphis,TN
914,River Park Drive,Memphis,TN
915,Harbor View Drive,Memphis,TN
917,Harbor View Drive,Memphis,TN
918,Harbor Bend Road,Memphis,TN
918,Harbor View Drive,Memphis,TN
919,Harbor View Drive,Memphis,TN
920,Harbor Bend Road,Memphis,TN
920,River Park Drive,Memphis,TN
921,Harbor View Drive,Memphis,TN
922,Harbor Bend Road,Memphis,TN
922,Harbor View Drive,Memphis,TN
922,Harbor View Drive,Memphis,TN
923,Harbor View Drive,Memphis,TN
924,Harbor Bend Road,Memphis,TN
924,Harbor View Drive,Memphis,TN
925,Harbor View Drive,Memphis,TN
926,Harbor Bend Road,Memphis,TN
926,Harbor View Drive,Memphis,TN
926,River Park Drive,Memphis,TN
927,Harbor View Drive,Memphis,TN
928,Harbor Bend Road,Memphis,TN
928,Harbor View Drive,Memphis,TN
929,Harbor View Drive,Memphis,TN
930,Harbor Bend Road,Memphis,TN
930,Harbor View Drive,Memphis,TN
930,River Park Drive,Memphis,TN
930,Harbor View Drive,Memphis,TN
931,Harbor View Drive,Memphis,TN
932,Harbor View Drive,Memphis,TN
933,Harbor Bend Road,Memphis,TN
933,Harbor View Drive,Memphis,TN
934,Harbor Bend Road,Memphis,TN
934,River Landing Drive,Memphis,TN
935,Harbor Bend Road,Memphis,TN
935,Harbor View Drive,Memphis,TN
935,River Breeze Drive,Memphis,TN
936,Harbor Bend Road,Memphis,TN
936,River Breeze Drive,Memphis,TN
936,River Park Drive,Memphis,TN
937,Harbor Bend Road,Memphis,TN
937,Harbor View Drive,Memphis,TN
937,River Breeze Drive,Memphis,TN
937,River Landing Drive,Memphis,TN
938,Harbor Bend Road,Memphis,TN
938,River Breeze Drive,Memphis,TN
938,River Landing Drive,Memphis,TN
939,Harbor View Drive,Memphis,TN
939,Harbor View Drive,Memphis,TN
939,River Breeze Drive,Memphis,TN
939,River Breeze Drive,Memphis,TN
940,Harbor Bend Road,Memphis,TN
941,Harbor Bend Road,Memphis,TN
941,Harbor View Drive,Memphis,TN
942,Harbor Bend Road,Memphis,TN
942,Harbor View Drive,Memphis,TN
942,River Breeze Drive,Memphis,TN
942,River Breeze Drive,Memphis,TN
942,River Landing Drive,Memphis,TN
943,Harbor Bend Road,Memphis,TN
943,Harbor View Drive,Memphis,TN
943,River Breeze Drive,Memphis,TN
943,River Landing Drive,Memphis,TN
944,Island Drive,Memphis,TN
944,River Breeze Drive,Memphis,TN
945,Harbor Bend Road,Memphis,TN
945,Harbor View Drive,Memphis,TN
946,Harbor Bend Road,Memphis,TN
946,Harbor View Drive,Memphis,TN
946,Harbor View Drive,Memphis,TN
946,River Landing Drive,Memphis,TN
947,Harbor Bend Road,Memphis,TN
947,Harbor View Drive,Memphis,TN
947,River Breeze Drive,Memphis,TN
947,River Landing Drive,Memphis,TN
948,Island Drive,Memphis,TN
948,River Breeze Drive,Memphis,TN
950,Harbor View Drive,Memphis,TN
950,River Landing Drive,Memphis,TN
951,River Landing Drive,Memphis,TN
954,Harbor View Drive,Memphis,TN
954,Island Drive,Memphis,TN
954,River Landing Drive,Memphis,TN
955,River Landing Drive,Memphis,TN
958,Harbor View Drive,Memphis,TN
958,Island Drive,Memphis,TN
958,River Landing Drive,Memphis,TN
962,Island Drive,Memphis,TN
962,River Landing Drive,Memphis,TN
964,Harbor View Drive,Memphis,TN
966,Island Drive,Memphis,TN
968,River Landing Drive,Memphis,TN
978,River Breeze Drive,Memphis,TN
978,River Breeze Drive,Memphis,TN
980,River Currents Drive,Memphis,TN
980,River Landing Drive,Memphis,TN
982,River Breeze Drive,Memphis,TN
984,River Landing Drive,Memphis,TN
985,River Landing Drive,Memphis,TN
985,River Landing Drive,Memphis,TN
986,River Breeze Drive,Memphis,TN
986,River Currents Drive,Memphis,TN
988,River Landing Drive,Memphis,TN
989,River Currents Drive,Memphis,TN
989,River Landing Drive,Memphis,TN
990,River Currents Drive,Memphis,TN
991,Island Park Drive,Memphis,TN
992,River Landing Drive,Memphis,TN
993,River Currents Drive,Memphis,TN
994,River Currents Drive,Memphis,TN
996,River Landing Drive,Memphis,TN
996,River Landing Drive,Memphis,TN
997,Island Park Drive,Memphis,TN
997,River Currents Drive,Memphis,TN
997,Island Park Drive,Memphis,TN
1000,River Currents Drive,Memphis,TN
1000,River Landing Drive,Memphis,TN
1001,River Currents Drive,Memphis,TN
1001,River Currents Drive,Memphis,TN
1003,Island Park Circle,Memphis,TN
1004,River Currents Drive,Memphis,TN
1004,River Landing Drive,Memphis,TN
1005,Island Park Drive,Memphis,TN
1005,River Currents Drive,Memphis,TN
1008,Island Park Drive,Memphis,TN
1008,River Currents Drive,Memphis,TN
1008,River Landing Drive,Memphis,TN
1009,Island Park Circle,Memphis,TN
1009,River Currents Drive,Memphis,TN
1010,Harbor Bend Circle,Memphis,TN
1011,Island Park Drive,Memphis,TN
1012,Island Park Drive,Memphis,TN
1012,River Currents Drive,Memphis,TN
1012,River Landing Drive,Memphis,TN
1013,Island Park Circle,Memphis,TN
1013,River Currents Drive,Memphis,TN
1014,Harbor Bend Circle,Memphis,TN
1016,River Landing Drive,Memphis,TN
1017,Island Park Circle,Memphis,TN
1018,Harbor Bend Circle,Memphis,TN
1020,Island Drive,Memphis,TN
1020,River Landing Drive,Memphis,TN
1020,River Landing Drive,Memphis,TN
1021,Island Park Circle,Memphis,TN
1022,Harbor Bend Circle,Memphis,TN
1024,Island Drive,Memphis,TN
1025,Island Park Circle,Memphis,TN
1029,Island Park Circle,Memphis,TN
